### 11.4.5 SET类型

SET是一个字符串对象，可以具有零或更多的值，每个都必须在建表时，从被指定的允许的值列表中选择。SET列值包含多个被指定的使用逗号(“,”)分隔的成员。这样的结果是SET成员值本身不包含逗号。

例如，一列指定为SET('one', 'two') NOT NULL，可以具有下面这些值：

```
''
'one'
'two'
'one,two'
```

一个SET列最多可以有64个不同的成员。一张表可以有不超过255个不同元素的列表定义在ENUM和SET列，二者视为一组。有关这些限制的更多信息，参见[E.10.5节，“.frm 文件的限制”](../Appendix_E/E.10.05_Limits_Imposed_by_.frm_File_Structure.md)。

定义中的重复值会产生一个警告，或在启用严格SQL模式时产生一个错误。

在建表定义表时，会自动删除SET成员值的结尾空格。

检索时，存储到SET列的值显示为列定义时的大小写内容。请注意，ENUM列可以被指定字符集和校对规则。对于二进制或case-sensitive规则，在指定列值时应考虑大小写。

MySQL使用数字存储SET值，存储值的low-order位对应第一个set成员。如果在数值上下文检索SET值，检索的值的位置对应组成员列表的SET成员。例如，你可以这样从SET列检索数值：

```
mysql> SELECT set_col+0 FROM tbl_name;
```

如果存储一个数字到SET列，该数字的二进制表示的位确定列值的set成员。对于一个列指定为SET('a','b','c','d')，成员具有下面十进制和二进制值：

<table border="1" width='100%' cellspacing="0" cellpadding="0" bgcolor="write">
<tr>
<th align="left">SET成员</th>
<th align="left">十进制值</th>
<th align="left">二进制值</th>
</tr>
<tr>
<td align="left">'a'</td>
<td align="left">1</td>
<td align="left">0001</td>
</tr>
<tr>
<td align="left">'b'</td>
<td align="left">2</td>
<td align="left">0010</td>
</tr>
<tr>
<td align="left">'c'</td>
<td align="left">4</td>
<td align="left">0100</td>
</tr>
<tr>
<td align="left">'d'</td>
<td align="left">8</td>
<td align="left">1000</td>
</tr>
</table>

如果指定9到该列，在二进制是1001，那么第一个和第四个值，成员'a'和'd'被选择，并且结果值是'a,d'。

对于包含多个SET元素的值，当插入值时列表中是什么顺序并不重要。这个值在给定的列中出现多少次也不重要。在以后该值被检索时，值中的每个元素只出现一次，元素列表根据建表时指定的顺序。例如，假设一个列指定为SET('a','b','c','d')：

```
mysql> CREATE TABLE myset (col SET('a', 'b', 'c', 'd'));
```

如果插入值'a,d'，'d,a'，'a,d,d'，'a,d,a'和'd,a,d'：

```
mysql> INSERT INTO myset (col) VALUES 
-> ('a,d'), ('d,a'), ('a,d,a'), ('a,d,d'), ('d,a,d');
Query OK, 5 rows affected (0.01 sec)
Records: 5 Duplicates: 0 Warnings: 0
```

然后检索时这些值都显示为'a,d'：

```
mysql> SELECT col FROM myset;
+------+
| col  |
+------+
| a,d  |
| a,d  |
| a,d  |
| a,d  |
| a,d  |
+------+
5 rows in set (0.04 sec)
```

如果你对SET列设置不支持的值，该值被忽略并发生一个警告：

```
mysql> INSERT INTO myset (col) VALUES ('a,d,d,s');
Query OK, 1 row affected, 1 warning (0.03 sec)

mysql> SHOW WARNINGS;
+---------+------+------------------------------------------+
| Level   | Code | Message                                  |
+---------+------+------------------------------------------+
| Warning | 1265 | Data truncated for column 'col' at row 1 |
+---------+------+------------------------------------------+
1 row in set (0.04 sec)

mysql> SELECT col FROM myset;
+------+
| col  |
+------+
| a,d  |
| a,d  |
| a,d  |
| a,d  |
| a,d  |
| a,d  |
+------+
6 rows in set (0.01 sec)
```

如果启用严格SQL模式，试图插入无效SET值将导致错误。

SET值根据数值排序。NULL排在non-NULL值前面。

SUM()[1306]和AVG()[1303]这样的函数，如果必要的话期望一个数值参数付给内部参数。对于SET值，赋值操作使用数值。

通常，使用FIND_IN_SET()[1199]函数或LIKE[1210]操作符搜索SET值：

```
mysql> SELECT * FROM  *tbl\_name*  WHERE FIND_IN_SET(' *value* ', *set\_col* )>0;
mysql> SELECT * FROM  *tbl\_name*  WHERE  *set\_col*  LIKE ' *%value%* ';
```

第一条语句查找行的where条件 *set\_col* 包含 *value* set成员。第二条相似，但是不一样：它查找行的where条件 *set\_col* 任何地方包含 *value* ，即使是其他set成员的一个子字符串。

下面的语句同样被允许：

```
mysql> SELECT * FROM  *tbl\_name*  WHERE  *set\_col*  & 1;
mysql> SELECT * FROM  *tbl\_name*  WHERE  *set\_col*  = ' *val1,val2* ';
```

第一条语句查找的值包含第一个set成员。第二条查找完全匹配的。注意第二种类型的比较。比较set值 *val1,val2* 与比较 *val2,val1* 结果不同。你应当在列定义中为列表的值指定相同顺序。

要确定一个SET列的所有可能值，使用SHOW COLUMNS FROM  *tbl\_name*  LIKE  *set\_col* 和解析输出的Type列的SET定义。

在C API，SET值作为字符串返回。有关使用结果set元数据与其他字符串的区别，参见[22.8.5节，“C API的数据结构”](../Chapter_22/22.08.05_C_API_Data_Structures.md)。