### 11.4.1 CHAR和VARCHAR类型

CHAR和VARCHAR类型非常相似，区别在于存储和检索不同。在最大长度和是否保留结尾空格上也有所区别。

CHAR和VARCHAR类型声明的长度表示你想存储的字符的最大长度。例如，CHAR(30)可以容纳30个字符。

当你创建表时声明的CHAR列的长度是固定的。长度可以是0到255的任何值。存储CHAR值时，向右填充空格使其达到指定长度。检索CHAR值时，删除尾部空格，除非PAD_CHAR\_TO\_FULL\_LENGTH[622]SQL模式被启用。

VARCHAR列的值是可变长字符串。可以指定值的长度从0到65,535。VARCHAR的最大有效长度由最大行的大小（65,535字节，所有列之间共享）和所使用的字符集确定。参见[E.10.4，“表中列数量和大小的限制”](../Appendix_E/E.10.04_Limits_on_Table_Column_Count_and_Row_Size.md)。

对比CHAR，VARCHAR存储1字节或2字节长度前缀附加数据。长度前缀表示值所占字节数。如果值不超过255个字节，A列使用1字长度，如果超出255个字节占用2字节长度。

如果没有启用严格SQL模式并指定超出列最大长度的值到CHAR或VARCHAR列，该值被截取到适当长度并产生一个警告。对于截取非空格字符，可能会导致错误（而不是警告）的发生，并且采用严格SQL模式抑制值的插入。参见[5.1.7节，“服务SQL模式”](../Chapter_05/05.01.07_Server_SQL_Modes.md)。

无论在哪种SQL模式下，对于VARCHAR列，在插入前截取列长度结尾多余的空格并产生一个警告。对于CHAR列，默默的进行插入值后截取尾部多余的空格。

VARCHAR值存储后无填充。在存储和检索时保留结尾空格，符合标准SQL。

下面的表格通过展示向CHAR(4)和VARCHAR(4)存储各种字符串的结果，说明CHAR和VARCHAR之间的差异：

<table border="1" width='100%' cellspacing="0" cellpadding="0" bgcolor="write">
<tr>
<th>值</th>
<th>CHAR(4)</th>
<th>存储需求</th>
<th>VARCHAR(4)</th>
<th>存储需求</th>
</tr>
<tr>
<td align="left">'&nbsp;&nbsp;'</td>
<td align="left">'&nbsp;&nbsp;&nbsp;&nbsp;&nbsp;&nbsp;&nbsp;&nbsp;'</td>
<td align="left">4字节</td>
<td align="left">'&nbsp;&nbsp;'</td>
<td align="left">1字节</td>
</tr>
<tr>
<td align="left">'ab'</td>
<td align="left">'ab&nbsp;&nbsp;&nbsp;&nbsp;'</td>
<td align="left">4字节</td>
<td align="left">'ab'</td>
<td align="left">3字节</td>
</tr>
<tr>
<td align="left">'abcd'</td>
<td align="left">'abcd'</td>
<td align="left">4字节</td>
<td align="left">'abcd'</td>
<td align="left">5字节</td>
</tr>
<tr>
<td align="left">'abcdefgh'</td>
<td align="left">'abcd'</td>
<td align="left">4字节</td>
<td align="left">'abcd'</td>
<td align="left">5字节</td>
</tr>
</table>

上表展示的存储在最后一行的值仅适用于在不严格模式下；如果MySQL在严格模式下运行，不存储超出列长度的值并会出现错误。

如果一个给定的值存储到CHAR(4)和VARCHAR(4)列在检索时并不总是相同的，因为检索时会从CHAR列删除尾部空格。下面的示例说明这种差异：

```
mysql> CREATE TABLE vc (v VARCHAR(4), c CHAR(4));
Query OK, 0 rows affected (0.01 sec)

mysql> INSERT INTO vc VALUES ('ab ', 'ab ');
Query OK, 1 row affected (0.00 sec)

mysql> SELECT CONCAT('(', v, ')'), CONCAT('(', c, ')') FROM vc;
+---------------------+---------------------+
| CONCAT('(', v, ')') | CONCAT('(', c, ')') |
+---------------------+---------------------+
| (ab )               | (ab)                |
+---------------------+---------------------+
1 row in set (0.06 sec)
```

CHAR和VARCHAR的值在排序和比较时依据指定给列的字符集校对规则。

所有MySQL校对规则都是PADSPACE类型。意思是所有的CHAR，VARCHAR和TEXT值在比较时不考虑结尾空格。“对比”在本段中不包含LIKE[1210]pattern-matching操作，对于尾部空格是重要的。例如：

```
mysql> CREATE TABLE names (myname CHAR(10));
Query OK, 0 rows affected (0.03 sec)

mysql> INSERT INTO names VALUES ('Monty');
Query OK, 1 row affected (0.00 sec)

mysql> SELECT myname = 'Monty', myname = 'Monty ' FROM names;
+------------------+--------------------+
| myname = 'Monty' | myname = 'Monty '  |
+------------------+--------------------+
| 1                | 1                  |
+------------------+--------------------+
1 row in set (0.00 sec)

mysql> SELECT myname LIKE 'Monty', myname LIKE 'Monty ' FROM names;
+---------------------+-----------------------+
| myname LIKE 'Monty' | myname LIKE 'Monty '  |
+---------------------+-----------------------+
| 1                   | 0                     |
+---------------------+-----------------------+
1 row in set (0.00 sec)
```

对于所有MySQL版本都是这样，并且不受服务SQL模式的影响。

> **提示**
> 
> 有关SQL字符串的详细信息，参见[10.1节，“字符集支持”](../Chapter_10/10.01.00_Character_Set_Support.md)。

在这些情况下，尾部填充字符被剪掉或在对比时被忽略，如果列的索引需要唯一值，插入列的值，不同的只是尾部填充字符数将导致一个duplicate-key错误。例如，如果表包含'a'，试图存储'a&nbsp;&nbsp;'导致duplicate-key错误。