# 10.6.2. 时区闰秒支持

### 10.6.2. 时区闰秒支持

闰秒值是带着结束于 `:59:59` 的时间部分。这意思是一个函数如 [NOW()]() 可以返回同样的值对于连贯的两三秒在闰秒期间。文字的时间值有一个于 `:59:60` 或者 `:59:61` 结束的时间部分被视为无效的，这仍然是真实的。

如果有必要搜索 [TIMESTAMP]() 值闰秒前一秒，异常的结果被获取如果你使用 `'YYYY-MM-DD hh:mm:ss'` 值去对比。下面的例子说明了这一点。它变更当地时区为 UTC 因此在内部值（这是UTC）和显示值（其中有闰秒校正）之间没有区别。

```sql
mysql> CREATE TABLE t1 (
    -> a INT,
    -> ts TIMESTAMP DEFAULT NOW(),
    -> PRIMARY KEY (ts)
    -> );
Query OK, 0 rows affected (0.01 sec)

mysql> -- change to UTC
mysql> SET time_zone = '+00:00';
Query OK, 0 rows affected (0.00 sec)

mysql> -- Simulate NOW() = '2008-12-31 23:59:59'
mysql> SET timestamp = 1230767999;
Query OK, 0 rows affected (0.00 sec)

mysql> INSERT INTO t1 (a) VALUES (1);
Query OK, 1 row affected (0.00 sec)

mysql> -- Simulate NOW() = '2008-12-31 23:59:60'
mysql> SET timestamp = 1230768000;
Query OK, 0 rows affected (0.00 sec)

mysql> INSERT INTO t1 (a) VALUES (2);
Query OK, 1 row affected (0.00 sec)

mysql> -- values differ internally but display the same
mysql> SELECT a, ts, UNIX_TIMESTAMP(ts) FROM t1;
+------+---------------------+--------------------+
| a    | ts                  | UNIX_TIMESTAMP(ts) |
+------+---------------------+--------------------+
| 1    | 2008-12-31 23:59:59 |         1230767999 |
| 2    | 2008-12-31 23:59:59 |         1230768000 |
+------+---------------------+--------------------+
2 rows in set (0.00 sec)

mysql> -- only the non-leap value matches
mysql> SELECT * FROM t1 WHERE ts = '2008-12-31 23:59:59';
+------+---------------------+
| a    | ts                  |
+------+---------------------+
| 1    | 2008-12-31 23:59:59 |
+------+---------------------+
1 row in set (0.00 sec)

mysql> -- the leap value with seconds=60 is invalid
mysql> SELECT * FROM t1 WHERE ts = '2008-12-31 23:59:60';
Empty set, 2 warnings (0.00 sec)
```

要解决这个问题，你可以使用基于实际存储于列的UTC值进行比较，其中有闰秒校正：

```sql
mysql> -- selecting using UNIX_TIMESTAMP value return leap value
mysql> SELECT * FROM t1 WHERE UNIX_TIMESTAMP(ts) = 1230768000;
+------+---------------------+
| a    | ts                  |
+------+---------------------+
| 2    | 2008-12-31 23:59:59 |
+------+---------------------+
1 row in set (0.00 sec)
```