# 10.1.7. 校对规则问题

### 10.1.7. 校对规则问题

下面章节将讨论各方面的字符集校对规则。

#### [10.1.7.1. 校对规则名称](#10.1.7.1)

MySQL校对规则名称遵循以下这些规则：

* 以 `_ci` 结束的名称表示一个不区分大小写的校对规则。
* 以 `_cs` 结束的名称表示一个区分大小写的校对规则。
* 以 `_bin` 结束的名称表示一个十六进制的校对规则。字符的比较是基于字符的十六进制代码值。
* Unicode校对规则名称可以包含版本号来表示基于Unicode归类算法（UCA）版本的校对规则。名称不带版本号的基于UCA校对规则使用4.0.0.版本UCA重建：[http://www.unicode.org/Public/UCA/4.0.0/allkeys-4.0.0.txt](http://www.unicode.org/Public/UCA/4.0.0/allkeys-4.0.0.txt)。一个校对规则名称如 `utf8_unicode_520_ci` 是基于UCA 5.2.0 重建：[http://www.unicode.org/Public/UCA/5.2.0/allkeys.txt](http://www.unicode.org/Public/UCA/5.2.0/allkeys.txt).

#### [10.1.7.2. SQL语句中使用 `COLLATE`](#10.1.7.2)

`COLLATE` 子句，你可以覆盖任何的默认校对规则去做对比。`COLLATE` 可用于在SQL语句的各个部分。如下一些例子：

* `ORDER BY`中:

    ```sql
		SELECT k
         FROM t1
        ORDER BY k COLLATE latin1_german2_ci;
    ```

* `AS`中:

    ```sql
		SELECT k COLLATE latin1_german2_ci AS k1
         FROM t1
        ORDER BY k1;
    ```

* `GROUP BY`中:

    ```sql
		SELECT k
         FROM t1
        GROUP BY k COLLATE latin1_german2_ci;
    ```

* 聚合函数中:

    ```sql
		SELECT MAX(k COLLATE latin1_german2_ci)
        FROM t1;
    ```

* `DISTINCT` 中:

    ```sql
		SELECT DISTINCT k COLLATE latin1_german2_ci
        FROM t1;
    ```

* `WHERE` 中:

    ```sql
		SELECT *
        FROM t1
        WHERE _latin1 'Müller' COLLATE latin1_german2_ci = k;
    ```

* `WHERE` 中:

    ```sql
		SELECT *
        FROM t1
        WHERE _latin1 'Müller' COLLATE latin1_german2_ci = k;


        SELECT *
        FROM t1
        WHERE k LIKE _latin1 'Müller' COLLATE latin1_german2_ci;
    ```

* `HAVING` 中:

    ```sql
        SELECT k
        FROM t1
        GROUP BY k
        HAVING k = _latin1 'Müller' COLLATE latin1_german2_ci;
    ```

#### [10.1.7.3. `COLLATE`子句优先](#10.1.7.3)

`COLLATE` 子句有较高的优先级（高于 [||]()），因此下面两个表达式是等价的：

```sql
x || y COLLATE z
x || (y COLLATE z)
```

#### [10.1.7.4. 校对规则必须适合字符集](#10.1.7.4)

请注意每个字符集有一个或多个校对规则，并且每个校对规则只能属于一个字符集。因此，以下语句会产生一个错误信息，因为校对规则latin2_bin对于字符集latin1非法：

```shell
mysql> SELECT _latin1 'x' COLLATE latin2_bin;
ERROR 1253 (42000): COLLATION 'latin2_bin' is not valid
for CHARACTER SET 'latin1'
```


#### [10.1.7.5. 校对规则的扩展](#10.1.7.5)

在绝大多数查询中，MySQL使用哪种校对规则进行比较是很显然的。例如，在下列情况中，校对规则明显的是列的 `charset_name` 的校对规则：

```sql
SELECT x FROM T ORDER BY x;
SELECT x FROM T WHERE x = x;
SELECT DISTINCT x FROM T;
```

但是，当涉及多个操作数时，可能不明确。例如：


```sql
SELECT x FROM T WHERE x = 'Y';
```

这个查询应该使用列 `x` 的校对规则，还是字符串文字 `'Y'` 的校对规则？既然`x`和`'Y'`都有校对规则，哪个校对规则优先？

标准化SQL使用“可压缩性”规则解决这种问题。MySQL赋予可压缩性值如下:

* 一个外在的 `COLLATE` 子句可压缩性是0（根本不能压缩）。
* 使用不同校对规则的两个字符串连接的可压缩性是1。
* 列校对规则的可压缩性是2。
*  “系统常数”（如 [USER()]()或 [VERSION()]() 函数返回的字符串）可压缩性是3。
* 文字规则的可压缩性是4。
* `NULL` 或从 `NULL` 派生的表达式的可压缩性是5。

MySQL使用以下规则的可压缩性值来解决歧义：

* 使用最低的可压缩性值的校对规则。
* 如果双方都有相同的可压缩性，那么：
   * 如果双方都是Unicode，或者双方都不是Unicode，这是一个错误。
   * 如果一侧有一个Unicode字符集，另一侧是一个非Unicode字符集，Unicode字符集侧的赢，并且自动转换字符集应用于非Unicode字符集侧。例如，如下语句不会返回一个错误：
   ```sql
    SELECT CONCAT(utf8_column, latin1_column) FROM t1;
   ```

    它返回一个有 `utf8` 字符集和与 `utf8_column` 列相同校对规则的结果。`latin1_column` 列的值在连接前自动转换成 `utf8`。

    * 对于操作对象具有相同的字符集，但该组合 `_bin` 校对规则和 `_ci` 或 `_cs` 校对规则的操作，使用 `_bin` 校对规则。这类似于如何操作混合非十六进制和十六进制字符串计算操作对象为十六进制字符串，只不过它是用于排序规则，而不是数据类型。

尽管自动转换不是在SQL标准中，SQL标准的文档中说每一个字符集（支持的字符）都是Unicode的“子集”。因为一个闻名于世的原则“适用超集可以申请一个子集，”我们认为对Unicode的校对规则可以应用于非Unicode字符串比较。

例如：

<table summary="This table lists comparisons and the collation used
for each comparison." border="1"><colgroup><col><col></colgroup><thead><tr><th scope="col">Comparison</th><th scope="col">Collation Used</th></tr></thead><tbody><tr><td scope="row"><code class="literal">column1 = 'A'</code></td><td>Use collation of <code class="literal">column1</code></td></tr><tr><td scope="row"><code class="literal">column1 = 'A' COLLATE x</code></td><td>Use collation of <code class="literal">'A' COLLATE x</code></td></tr><tr><td scope="row"><code class="literal">column1 COLLATE x = 'A' COLLATE y</code></td><td>Error</td></tr></tbody></table>

使用 [COERCIBILITY()]() 函数可确定一个字符串表达式的可压缩性：

```shell
mysql> SELECT COERCIBILITY('A' COLLATE latin1_swedish_ci);
    -> 0
mysql> SELECT COERCIBILITY(VERSION());
    -> 3
mysql> SELECT COERCIBILITY('A');
    -> 4
```

见 [第12.14节，“信息函数”](../Chapter_12/12.14.00_Information_Functions.md)。

隐形转换数字或者暂时的值成字符串，譬如出现在表达式 [CONCAT(1, 'abc')]() 中的参数1，这结果是一个字符（非十六进制）串拥有一个由系统变量 [character_set_connection]() 和 [collation_connection]() 决定的字符集和校对规则。见 [第12.2节，“表达式求值中的类型转换”](../Chapter_12/12.02.00_Type_Conversion_in_Expression_Evaluation.md)。

#### [10.1.7.6. `_bin` 和 `binary` 校对规则](#10.1.7.6)

这小节描述为非十六进制字符的 `_bin` 校对规则如何与为十六进制字符的 `binary`“校对规则”的不同。

非十六进制字符(存储于 `CHAR`，`VARCHAR` 和 `TEXT`数据类型)有一个字符集和校对规则。一个给定的字符集可以有多个校对规则，其中每个集合中，定义了一个特定的字符顺序排序和比较。其中之一是字符集的十六进制校对规则，校对规则名字中以 `_bin` 结尾。例如，`latin1` 和 `utf8` 拥有的名称为 `latin1_bin` 和 `utf8_bin` 的十六进制校对规则。

十六进制字符（存储与 `BINARY`，`VARBINARY` 和 `BLOB`数据类型）没有某种意义上非十六进制的字符集和校对规则。（运用于十六进制字符，函数 `CHARSET()` 和 `COLLATION()` 返回一个十六进制值。）十六进制字串是字节序列，这些字节的数值确定排序顺序。

`_bin` 校对规则不同于 `binary` 校对规则在如下几个特征。

**单位进行排序和比较。**十六进制字串是字节序列。排序和比较总算基于数字字节值。非十六进制字符是字节序列，可以是多字节的。非十六进制字符串定义的校对规则排序的字符值进行排序和比较。对于 `_bin` 校对规则，这个顺序是完全基于字符的十六进制代码值（这就像为十六进制字符串排序，除了 `_bin` 校对规则必须考虑到一个字符包含多个字节）。对于其他的校对规则，字符顺序可能会考虑采取额外的因素，如大小写。

**字符集转换。**非十六进制字串拥有一个字符集，并通过许多方式可以被转换另外的字符集，甚至这字串有一个 `_bin` 的校对规则：

* 当分配字段值从另外一个有不同字符集的字段：

    ```sql
    UPDATE t1 SET utf8_bin_column=latin1_column;
    INSERT INTO t1 (latin1_column) SELECT utf8_bin_column FROM t2;
    ```
* 当分配字段值从 [INSERT]() 或者 [UPDATE]() 带有一串字符文字：

    ```sql
    SET NAMES latin1;
    INSERT INTO t1 (utf8_bin_column) VALUES ('string-in-latin1');
    ```
* 当从服务器返回结果到客户端：

    ```sql
    SET NAMES latin1;
    SELECT utf8_bin_column FROM t2;
    ```

对于十六进制字符串列，没有发生转换。对于前面的情况下，字符串值是逐字节被复制的。

**大小写转换。**排序规则提供了大小写字符的信息，因此可以从一个大小写转换到另一个非十六进制字符串中的字符，甚至对于 `_bin` 校对规则也忽略排序时大小写：

```sql
mysql> SET NAMES latin1 COLLATE latin1_bin;
Query OK, 0 rows affected (0.02 sec)
mysql> SELECT LOWER('aA'), UPPER('zZ');
+-------------+-------------+
| LOWER('aA') | UPPER('zZ') |
+-------------+-------------+
| aa          | ZZ          |
+-------------+-------------+
1 row in set (0.13 sec)
```

大小写的概念并不适用于一个十六进制串字节。要进行大小写转换，字符串必须被转换成非十六进制字符串：


```sql
mysql> SET NAMES binary;
Query OK, 0 rows affected (0.00 sec)
mysql> SELECT LOWER('aA'), LOWER(CONVERT('aA' USING latin1));
+-------------+-----------------------------------+
| LOWER('aA') | LOWER(CONVERT('aA' USING latin1)) |
+-------------+-----------------------------------+
| aA          | aa                                |
+-------------+-----------------------------------+
1 row in set (0.00 sec)
```

**在比较中尾随空格的处理。**非十六进制字符对所有的校对规则有 `PADSPACE`行为，包括 `_bin` 校对规则。在比较中尾随空格是微不足道的。

```sql
mysql> SET NAMES utf8 COLLATE utf8_bin;
Query OK, 0 rows affected (0.00 sec)
mysql> SELECT 'a ' = 'a';
+------------+
| 'a ' = 'a' |
+------------+
| 1          |
+------------+
1 row in set (0.00 sec)
```

对于十六进制字符串，在比较中所有字符都是有意义的，包括尾随空格：

```sql
mysql> SET NAMES binary;
Query OK, 0 rows affected (0.00 sec)
mysql> SELECT 'a ' = 'a';
+------------+
| 'a ' = 'a' |
+------------+
| 0          |
+------------+
1 row in set (0.00 sec)
```

**插入和检索尾随空格的处理。**`CHAR(N)` 列存储非十六进制字符。值短于 _`N`_ 的字符插入时尾部空格填充。对于检索，尾部空格被移除。

`BINARY(N)` 列存储十六进制字符。值短于 _`N`_ 的字节插入时尾部填充 `0x00` 字节。对于检索，不发生移除；一个被申明长度的值总是被返回的。
```sql
mysql> CREATE TABLE t1 (
  -> a CHAR(10) CHARACTER SET utf8 COLLATE utf8_bin,
  -> b BINARY(10)
  -> );
Query OK, 0 rows affected (0.09 sec)

mysql> INSERT INTO t1 VALUES ('a','a');
Query OK, 1 row affected (0.01 sec)

mysql> SELECT HEX(a), HEX(b) FROM t1;
+--------+----------------------+
| HEX(a) | HEX(b)               |
+--------+----------------------+
| 61     | 61000000000000000000 |
+--------+----------------------+
1 row in set (0.04 sec)
```

#### [10.1.7.7. BINARY操作符](#10.1.7.7)

[BINARY]() 操作符转换后面的字符串成一个十六进制字符串。这是一个简单的方式来强制用逐字节比较而不是逐字符。[BINARY]() 也造成尾随空格是有意义的。

```sql
mysql> SELECT 'a' = 'A';
    -> 1
mysql> SELECT BINARY 'a' = 'A';
    -> 0
mysql> SELECT 'a' = 'a ';
    -> 1
mysql> SELECT BINARY 'a' = 'a ';
    -> 0
```

`BINARY str` 是 [CAST(str AS BINARY)]() 的缩写。

`BINARY` 属性在字符列定义中有不同的影响。一个字符列定义成 `BINARY` 属性，是被分配成列字符集的十六进制校对规则。每一个字符集都有一个十六进制校对规则。例如，`latin1` 字符集的十六进制校对规则是 `latin1_bin`，因此如果表的默认字符集是 `latin1`，那么如下两列定义是相等的：

```sql
CHAR(10) BINARY
CHAR(10) CHARACTER SET latin1 COLLATE latin1_bin
```

`BINARY` 做为列属性的影响在早于MySQL4.1版本是不同的。早先，`BINARY` 导致在一列中，被视为一个十六进制字符串。一个十六进制字符串是一个字节串，没有字符集或者校对规则，这与一个具有十六进制的校对规则的非十六进制字符串是不同的。对于所有类型的字符串，比较是基于字符单位的数字值，但用于非十六进制字符串单位是字符，一些字符集支持多字节字符。详见[第11.4.2小节，“数据类型BINARY和VARBINARY”](../Chapter_11/11.04.02_The_BINARY_and_VARBINARY_Types.md)。

使用 `CHARACTER SET binary` 在 `CHAR`，`VARCHAR`，或者 `TEXT`中的定义会造成这列转换成十六进制字符数据类型。例如，如下的定义对是等价的：

```sql
CHAR(10) CHARACTER SET binary
BINARY(10)

VARCHAR(10) CHARACTER SET binary
VARBINARY(10)

TEXT CHARACTER SET binary
BLOB
```

#### [10.1.7.8. 校对效果的示例](#10.1.7.8)

**例1：德国元音变音排序**

假设表 `T` 中的列 `X` 有这些 `latin1` 列值：
```sql
Muffler
Müller
MX Systems
MySQL
```

假设使用下面的语句获取列值：
```sql
SELECT X FROM T ORDER BY X COLLATE collation_name;
```

如果我们使用不同校对规则的 `ORDER BY` 的列值结果排序见下表：

<table summary="This table illustrates an example of the effect of
            collation, as described in the preceding text. The table
            shows the resulting order of values for three collations
            (latin1_swedish_ci,
            latin1_german1_ci,
            latin1_german2_ci) when using
ORDER BY." border="1"><colgroup><col><col><col></colgroup><thead><tr><th scope="col"><code class="literal">latin1_swedish_ci</code></th><th scope="col"><code class="literal">latin1_german1_ci</code></th><th scope="col"><code class="literal">latin1_german2_ci</code></th></tr></thead><tbody><tr><td scope="row">Muffler</td><td>Muffler</td><td>Müller</td></tr><tr><td scope="row">MX Systems</td><td>Müller</td><td>Muffler</td></tr><tr><td scope="row">Müller</td><td>MX Systems</td><td>MX Systems</td></tr><tr><td scope="row">MySQL</td><td>MySQL</td><td>MySQL</td></tr></tbody></table>

本表显示了我们在ORDER BY字句中使用不同所校对规则的效果的示例。在本例中导致不同排序的字符是上面带有两个圆点的U（`ü`），它在德语中发音为"U-umlaut"。

* 第一列显示的是使用瑞典/芬兰校对规则的 [SELECT]() 语句的结果，它被称作U-umlaut使用Y排序。
* 第二列显示的是使用德语DIN-1校对规则的 [SELECT]() 语句的结果，它被称作U-umlaut使用U排序。
* 第三列显示的是使用德语DIN-2校对规则的 [SELECT]() 语句的结果，它被称作U-umlaut使用UE排序。

**例2：德国元音变音查询**

将定你有三个仅仅在字符集和校对规则不一样的表。
```sql
mysql> SET NAMES utf8;
mysql> CREATE TABLE german1 (
   -> c CHAR(10)
   -> ) CHARACTER SET latin1 COLLATE latin1_german1_ci;

mysql> CREATE TABLE german2 (
   -> c CHAR(10)
   -> ) CHARACTER SET latin1 COLLATE latin1_german2_ci;

mysql> CREATE TABLE germanutf8 (
   -> c CHAR(10)
   -> ) CHARACTER SET utf8 COLLATE utf8_unicode_ci;
```

每个表有两条记录：

```sql
mysql> INSERT INTO german1 VALUES ('Bar'), ('Bär');
mysql> INSERT INTO german2 VALUES ('Bar'), ('Bär');
mysql> INSERT INTO germanutf8 VALUES ('Bar'), ('Bär');
```

两个上面的校对规则 `A = Ä` 是相等的，还有一个是不等的（`latin1_german2_ci`）。对于这个原因，你会得到这些比较的结果：

```sql
mysql> SELECT * FROM german1 WHERE c = 'Bär';
+------+
| c    |
+------+
| Bar  |
| Bär  |
+------+

mysql> SELECT * FROM german2 WHERE c = 'Bär';
+------+
| c    |
+------+
| Bär  |
+------+

mysql> SELECT * FROM germanutf8 WHERE c = 'Bär';
+------+
| c    |
+------+
| Bar  |
| Bär  |
+------+
```

这不是一个bug，而是 `latin1_german1_ci` 和 `utf8_unicode_ci` 排序的结果（排序显示是按照德国DIN5007标准）。

#### [10.1.7.8. 校对规则和 `INFORMATION_SCHEMA` 查询](#10.1.7.8)

在 `INFORMATION_SCHEMA` 表的字符列有一个 `utf8_general_ci` 校对规则，是不区分大小写的。然后，在 `INFORMATION_SCHEMA` 字符列中查找也被文件系统区分大小写所影响的。对应的值为代表在文件系统中的对象，如数据库和表的名称，搜索可能是大小写敏感的，如果文件系统是大小写敏感的。本节介绍如何解决这个问题，如果必要的;也见于BUG #34921。

假定一个查询为 `test` 数据库查找 `SCHEMATA.SCHEMA_NAME` 列。在Linux，文件系统是区分大小写的，因此 `SCHEMATA.SCHEMA_NAME` 与 `test` 的比较是匹配的，但是 `TEST` 是不匹配的。

```sql
mysql> SELECT SCHEMA_NAME FROM INFORMATION_SCHEMA.SCHEMATA
   -> WHERE SCHEMA_NAME = 'test';
+-------------+
| SCHEMA_NAME |
+-------------+
| test        |
+-------------+
1 row in set (0.01 sec)

mysql> SELECT SCHEMA_NAME FROM INFORMATION_SCHEMA.SCHEMATA
   -> WHERE SCHEMA_NAME = 'TEST';
Empty set (0.00 sec)
```

在Windows或者Mac OS X，他们的文件系统是不区分大小写的，`test` 和 `TEST` 的比较都是匹配的。

```sql
mysql> SELECT SCHEMA_NAME FROM INFORMATION_SCHEMA.SCHEMATA
   -> WHERE SCHEMA_NAME = 'test';
+-------------+
| SCHEMA_NAME |
+-------------+
| test        |
+-------------+
1 row in set (0.00 sec)

mysql> SELECT SCHEMA_NAME FROM INFORMATION_SCHEMA.SCHEMATA
   -> WHERE SCHEMA_NAME = 'TEST';
+-------------+
| SCHEMA_NAME |
+-------------+
| TEST        |
+-------------+
1 row in set (0.00 sec)

```

系统变量 [lower_case_table_names]() 的值在此上下文中是没有分别的。

这个行为的发生是因为校对规则 `utf8_general_ci` 没有被使用于当查询文件系统的数据库对象的 `INFORMATION_SCHEMA` 查询。这是MySQL对于 `INFORMATION_SCHEMA` 搜索的优化实施的结果。更多优化细节，详见 [第8.2.4，“优化 `INFORMATION_SCHEMA` 查询”](../Chapter_08/08.02.04_Optimizing_INFORMATION_SCHEMA_Queries.md)。

在 `INFORMATION_SCHEMA` 字符列查询与 `INFORMATION_SCHEMA` 自己相关的值使用校对规则 `utf8_general_ci`，因为 `INFORMATION_SCHEMA` 是一个虚拟的数据库并没有表现在文件系统。例如，与 `SCHEMATA.SCHEMA_NAME` 比较 `'information_schema'` 或 `'INFORMATION_SCHEMA'` 是匹配的无论平台：

```sql
mysql> SELECT SCHEMA_NAME FROM INFORMATION_SCHEMA.SCHEMATA
   -> WHERE SCHEMA_NAME = 'information_schema';
+--------------------+
| SCHEMA_NAME        |
+--------------------+
| information_schema |
+--------------------+
1 row in set (0.00 sec)

mysql> SELECT SCHEMA_NAME FROM INFORMATION_SCHEMA.SCHEMATA
   -> WHERE SCHEMA_NAME = 'INFORMATION_SCHEMA';
+--------------------+
| SCHEMA_NAME        |
+--------------------+
| information_schema |
+--------------------+
1 row in set (0.00 sec)
```

如果 `INFORMATION_SCHEMA` 列字符串操作的结果不同于预期，一个变通方法是使用明确的 `COLLATE` 子句去强制一个合适的校对规则（[第10.1.7.2小节，“SQL语句中使用 COLLATE”](#10.1.7.2)）。例如，执行一个不区分大小写查询，在 `INFORMATION_SCHEMA` 列名使用 `COLLATE`：

```sql
mysql> SELECT SCHEMA_NAME FROM INFORMATION_SCHEMA.SCHEMATA
   -> WHERE SCHEMA_NAME COLLATE utf8_general_ci = 'test';
+-------------+
| SCHEMA_NAME |
+-------------+
| test        |
+-------------+
1 row in set (0.00 sec)

mysql> SELECT SCHEMA_NAME FROM INFORMATION_SCHEMA.SCHEMATA
   -> WHERE SCHEMA_NAME COLLATE utf8_general_ci = 'TEST';
+-------------+
| SCHEMA_NAME |
+-------------+
| test        |
+-------------+
1 row in set (0.00 sec)
```

你也可以使用函数 [UPPER()]() 或者 [LOWER]() :

```sql
WHERE UPPER(SCHEMA_NAME) = 'TEST'
WHERE LOWER(SCHEMA_NAME) = 'test'
```

虽然在不区分大小写的比较可以被执行甚至在区分大小写的文件系统，如上所示，它不一定总是正确的事情。在这些平台上，它是可以有多个对象，不同之处仅在大小写的名称。例如，表名称 `city`，`CITY`，和`City` 可以同时存在的。考虑搜索是否应该匹配所有这样的名字，或只是一个写相应的查询：

```sql
WHERE TABLE_NAME COLLATE utf8_bin = 'City'
WHERE TABLE_NAME COLLATE utf8_general_ci = 'city'
WHERE UPPER(TABLE_NAME) = 'CITY'
WHERE LOWER(TABLE_NAME) = 'city'
```
这些比较中的第一个（带 `utf8_bin`）是区分大小写的；其他不是。

