# 12.19.5. Precision Math Examples

###12.19.5. Precision Math Examples

这一节提供一些例子，展示MySQL5.6中的数学精度查询结果。这些例子表明了在[12.19.3节][12-19-3，“Expression Handling”]和[12.19.4节，“Rounding Behavior”][12-19-4]中描述的规则。

例子1.使用给定的定点数：

```sql

mysql> SELECT (.1 + .2) = .3;
+----------------+
| (.1 + .2) = .3 |
+----------------+
| 1 	         |
+----------------+

```

对于浮点值，结果是不精确的：

```sql

mysql> SELECT (.1E0 + .2E0) = .3E0;
+----------------------+
| (.1E0 + .2E0) = .3E0 |
+----------------------+
| 0 |
+----------------------+

```

查看确切值与近似值不同处理方式是将一个求和值与一个较小的值相加多次。考虑下面的存储过程，将变量与`.0001`相加1000次。

```sql

CREATE PROCEDURE p ()
BEGIN
DECLARE i INT DEFAULT 0;
DECLARE d DECIMAL(10,4) DEFAULT 0;
DECLARE f FLOAT DEFAULT 0;
WHILE i < 10000 DO
SET d = d + .0001;
SET f = f + .0001E0;
SET i = i + 1;
END WHILE;
SELECT d, f;
END;

```

逻辑上`d`和`f`的值应该是1，但是仅仅对于`DECIMAL`类型值的计算是这样的。浮点类型的计算有一点点错误。

例子2.乘法计算与SQL标准所要求的标度一样。也就是说，两个数字`X1`和`X2`的标度分别是`S1`和`S2`,那么结果的表都市`S1+S2`。

```sql

mysql> SELECT .01 * .01;
+-----------+
| .01 * .01 |
+-----------+
| 0.0001 |
+-----------+

```

例子3.精确值的舍入的定义是明确的：

舍入行为（例如，使用`ROUND()`函数）是独立于底层的C语言函数库的，这意味着计算的结果是平台独立的。

* 定点列（`DECIMAL`和整型）和定点值的舍入使用“四舍五入”规则。小数部分是.5或更大的的值舍入的方式是偏离0，如下所示：

```sql

mysql> SELECT ROUND(2.5), ROUND(-2.5);
+------------+-------------+
| ROUND(2.5) | ROUND(-2.5) |
+------------+-------------+
| 3          | -3          | 
+------------+-------------+

```

* 浮点型的值的舍入依赖于底层的C语言函数库，在许多系统中使用“就近”原则。这些系统中任何带有小数部分的值会舍入到离它们最近的值。

```sql

mysql> SELECT ROUND(2.5E0), ROUND(-2.5E0);
+--------------+---------------+
| ROUND(2.5E0) | ROUND(-2.5E0) |
+--------------+---------------+
| 2 | -2 |
+--------------+---------------+

```
例子4.在严格模式中，插入一个超过列所允许的范围的值会产生错误，而不是将值截断为所需的值。

当MySQL不是运行在严格模式时，截断情况就会发生：

```sql

mysql> SET sql_mode='';
Query OK, 0 rows affected (0.00 sec)

mysql> CREATE TABLE t (i TINYINT);
Query OK, 0 rows affected (0.01 sec)

mysql> INSERT INTO t SET i = 128;
Query OK, 1 row affected, 1 warning (0.00 sec)

mysql> SELECT i FROM t;
+------+
| i |
+------+
| 127 |
+------+
1 row in set (0.00 sec)

```

如果是在严格模式下，则会产生错误：

```sql

mysql> SET sql_mode='STRICT_ALL_TABLES';
Query OK, 0 rows affected (0.00 sec)

mysql> CREATE TABLE t (i TINYINT);
Query OK, 0 rows affected (0.00 sec)

mysql> INSERT INTO t SET i = 128;
ERROR 1264 (22003): Out of range value adjusted for column 'i' at row 1

mysql> SELECT i FROM t;
Empty set (0.00 sec)

```

例子5：在严格模式下，如果设置了`ERROR_FOR_DIVISION_BY_ZERO`，被0除会产生错误，而不是一个`NULL`值。

在非严格模式，被0除会产生一个`NULL`值：

```sql

mysql> SET sql_mode='';
Query OK, 0 rows affected (0.01 sec)

mysql> CREATE TABLE t (i TINYINT);
Query OK, 0 rows affected (0.00 sec)

mysql> INSERT INTO t SET i = 1 / 0;
Query OK, 1 row affected (0.00 sec)

mysql> SELECT i FROM t;
+------+
| i    |
+------+
| NULL |
+------+
1 row in set (0.03 sec)

```

被0出会产生错误的情况：

```sql

mysql> SET sql_mode='STRICT_ALL_TABLES,ERROR_FOR_DIVISION_BY_ZERO';
Query OK, 0 rows affected (0.00 sec)

mysql> CREATE TABLE t (i TINYINT);
Query OK, 0 rows affected (0.00 sec)

mysql> INSERT INTO t SET i = 1 / 0;
ERROR 1365 (22012): Division by 0

mysql> SELECT i FROM t;
Empty set (0.01 sec)

```

例子6.字面为定点值的被解析为定点值。

在MySQL5.0.3版本之前，定点值和近似值的字面值都会被解析为双精度浮点值：

```sql

mysql> SELECT VERSION();
+------------+
| VERSION() |
+------------+
| 4.1.18-log |
+------------+
1 row in set (0.01 sec)

mysql> CREATE TABLE t SELECT 2.5 AS a, 25E-1 AS b;
Query OK, 1 row affected (0.07 sec)

Records: 1 Duplicates: 0 Warnings: 0
mysql> DESCRIBE t;
+-------+-------------+------+-----+---------+-------+
| Field | Type | Null | Key | Default | Extra |
+-------+-------------+------+-----+---------+-------+
| a | double(3,1) | | | 0.0 | |
| b | double | | | 0 | |
+-------+-------------+------+-----+---------+-------+
2 rows in set (0.04 sec)

```

在MySQL5.0.3之后，近似值字面值被解析为浮点值，但是定点值字面被解析为`DECIMAL`类型：

```sql

mysql> SELECT VERSION();
+-----------------+
| VERSION() |
+-----------------+
| 5.1.6-alpha-log |
+-----------------+
1 row in set (0.11 sec)

mysql> CREATE TABLE t SELECT 2.5 AS a, 25E-1 AS b;
Query OK, 1 row affected (0.01 sec)
Records: 1 Duplicates: 0 Warnings: 0

mysql> DESCRIBE t;
+-------+-----------------------+------+-----+---------+-------+
| Field | Type | Null | Key | Default | Extra |
+-------+-----------------------+------+-----+---------+-------+
| a | decimal(2,1) unsigned | NO | | 0.0 | |
| b | double | NO | | 0 | |
+-------+-----------------------+------+-----+---------+-------+
2 rows in set (0.01 sec)

```

例子7.如果聚集函数的参数是定点数字类型，结果也是一个定点数字类型值，标度和参数一样。

考虑下面的声明语句：

```sql

mysql> CREATE TABLE t (i INT, d DECIMAL, f FLOAT);
mysql> INSERT INTO t VALUES(1,1,1);
mysql> CREATE TABLE y SELECT AVG(i), AVG(d), AVG(f) FROM t;

```

在MySQL5.0.3之前，不论参数是何种类型，结果是一个双精度浮点数：

```sql

mysql> DESCRIBE y;
+--------+--------------+------+-----+---------+-------+
| Field | Type | Null | Key | Default | Extra |
+--------+--------------+------+-----+---------+-------+
| AVG(i) | double(17,4) | YES | | NULL | |
| AVG(d) | double(17,4) | YES | | NULL | |
| AVG(f) | double | YES | | NULL | |
+--------+--------------+------+-----+---------+-------+

```

在MySQL5.0.3之后的版本中，仅仅对浮点参数来说，结果是双精度浮点数。对于定点类型参数，结果是定点类型：

```sql

mysql> DESCRIBE y;
+--------+---------------+------+-----+---------+-------+
| Field | Type | Null | Key | Default | Extra |
+--------+---------------+------+-----+---------+-------+
| AVG(i) | decimal(14,4) | YES | | NULL | |
| AVG(d) | decimal(14,4) | YES | | NULL | |
| AVG(f) | double | YES | | NULL | |
+--------+---------------+------+-----+---------+-------+

```

这个结果对浮点参数是双精度浮点数，对定点类型参数，结果是定点类型。
