# COLUMNS_Partitioning

#19.2.3.COLUMNS分区
##19.2.3.1.RANGE COLUMNS分区
##19.2.3.1.LIST COLUMNS分区

接下来的两个小节讨论*COLUMNS分区*，它们分别是RANGE和LIST分区变体。COLUMNS分区的分区键列支持使用多个列。对行存储在哪个分区和在分区修剪过程中在哪个分区匹配查找的行，都要考虑所有那些分区列。　　　　

此外，RANGE COLUMNS分区和 LIST COLUMNS 分区对定义范围值和列表组员支持使用非整数列值。允许的数据类型如下所示:

- 所有整数类型:[TINYINT][11.02.01], [SMALLINT][11.02.01], [MEDIUMINT][11.02.01], [INT][11.02.01] ([INTEGER][11.02.01])，和[BIGINT][11.02.01]。(这与RANGE 和LIST分区是相同的)。
  
    其他数值数据类型(例如 [DECIMAL][11.02.02] 或 [FLOAT][11.02.03])COLUMNS分区不支持作为分区列。

- [DATE][11.03.01] 和 [DATETIME][11.03.01]。
  
    COLUMNS分区也不支持使用其他与日期或时间有关数据类型的列作为分区列。

- 接下来的字符串类型:[CHAR][11.04.01],[VARCHAR][11.04.01], [BINARY][11.04.02],和[VARBINARY][11.04.02]。
 
    不支持[TEXT][11.04.03]和[BLOB][11.04.03]作为分区列。

接下来的两个部分 RANGE COLUMNS 和 LIST COLUMNS 分区，假设您已经熟悉MySQL 5.1和以后版本所支持的基于范围和列表的分区功能，有关更多的信息分别见 [Section 19.2.1, “RANGE Partitioning”](./19.02.01_RANGE_Partitioning.md)，和 [Section 19.2.2, “LIST Partitioning”](./19.02.02_LIST_Partitioning.md)。

##19.2.3.1.RANGE COLUMNS partitioning

Range columns分区类似于RANGE分区，但允许您定义分区基于多个列值范围。另外，你可以使用整型以外的其他类型的列定义分区。

RANGE COLUMNS分区不同于RANGE分区提现在以下方面:

- RANGE COLUMNS 不接受表达式，只接受列名。
- RANGE COLUMNS 接受一个或多个列组合。

    RANGE COLUMN分区是基于*元组*(列值的组合)之间的比较而不是标量值之间的比较。行在RANGE COLUMNS分区的位置也是基于元组之间的比较，这在本节的后面会进一步讨论。
- RANGE COLUMNS 分区列不限于整数列;字符串， [DATE][11.03.01]和[DATETIME][11.03.01]列也可以被用作分区列。(详细信息见 [Section 19.2.3, “COLUMNS Partitioning”](./19.02.03_COLUMNS_Partitioning.md))。

创建一个RANGE COLUMNS分区表的基本语法如下所示:

    CREATE TABLE table_name
	    PARTITIONED BY RANGE COLUMNS(column_list) (
	    PARTITION partition_name VALUES LESS THAN (value_list)[,
	    PARTITION partition_name VALUES LESS THAN (value_list)][,
	    ...]
    ) 

    column_list:
    	column_name[, column_name][, ...]

    value_list:
    	value[, value][, ...]

>**注意**
>
这里并没有列出创建分区表时[CREATE TABLE][13.01.17] 语句可用的所有选项。完整的信息详见 [Section 13.1.17, “CREATE TABLE Syntax”][13.01.17]。

在刚才的语法中, column_list 是一个或多个列组合(有时被称为*分区列列表*)，和value_list是一组值(也就是说，它是*分区定义值的列表*)。value_list必须为每个分区的定义提供数值，并且每个value_lis的值数量必须和column_list的列的数量相同。一般来说，如果你在COLUMNS字句使用N列，那么VALUES LESS THAN子句也必须提供一个包含N个值的列表。

分区列表中的元素和定义每个分区的值列表中的元素，必须以相同的顺序出现。此外，值列表的每个元素的数据类型必须和分区列列表中的相应元素的数据类型一致。然而，分区列列表中的元素的顺序和值列表中的元素的顺序不必与[CREATE table][13.01.17]语句中元素出现的顺序相同。与 RANGE分区一样，您可以使用MAXVALUE代表最大值，这样任何被插入该列的合法值都小于这个值。下面是一个[CREATE TABLE][13.01.17]语句示例，有助于阐明所有这些要点:

    mysql> CREATE TABLE rcx (
	    ->     a INT,
	    ->     b INT,
	    ->     c CHAR(3),
	    ->     d INT
	    -> )
	    -> PARTITION BY RANGE COLUMNS(a,d,c) (
	    ->     PARTITION p0 VALUES LESS THAN (5,10,'ggg'),
	    ->     PARTITION p1 VALUES LESS THAN (10,20,'mmmm'),
	    ->     PARTITION p2 VALUES LESS THAN (15,30,'sss'),
	    ->     PARTITION p3 VALUES LESS THAN (MAXVALUE,MAXVALUE,MAXVALUE)
	    -> );
    Query OK, 0 rows affected (0.15 sec)

rcx表包含列a,b,c,d。分区列列表提供给COLUMNS子句使用3列，顺序是a,d,c。用来定义分区的每个值列表包含3个值，并且与分区列列表的顺序是一致的；也就是说，每个值列表的元组都拥有(INT,INT、CHAR(3))这样的形式，它对应于a,d和c使用的数据类型(按此顺序)。

行插入到分区的位置通过行中元组比较决定的，通过比较插入行的COLUMNS字句中的元组和VALUES LESS THAN字句中的元组，以此决定数据行应该插入的分区。因为我们比较的是元组(即值的列表或组合)而非标量值。RANGE COLUMNS分区中的VALUES LESS THAN的语义不同于RANGE分区中的语义。RANGE分区，行数据通过表达式产生的值等于 VALUES LESS THAN 的边界值，那么该行不会被插入到该分区中，然而，使用RANGE COLUMNS分区，有些时候数据行的分区列列表中第一个元素等于VALUES LESS THAN的值列表的第一个元素，那么该行可以被放入到该分区中。

请考虑采用如下语句创建的RANGE分区表:

    CREATE TABLE r1 (
	    a INT,
	    b INT
    )
    PARTITION BY RANGE (a)  (
	    PARTITION p0 VALUES LESS THAN (5),
	    PARTITION p1 VALUES LESS THAN (MAXVALUE)
    );

如果我们在这个表中插入3行，每一行a列值都是5，那么3行都会存储在p1分区，因为每种情况下a列值都小于5，正如我们通过对 [INFORMATION_SCHEMA.PARTITIONS][20.14.0]执行适当的查询看到的的结果一样:

    mysql> INSERT INTO r1 VALUES (5,10), (5,11), (5,12);
    Query OK, 3 rows affected (0.00 sec)
    Records: 3  Duplicates: 0  Warnings: 0

    mysql> SELECT PARTITION_NAME,TABLE_ROWS
	    ->     FROM INFORMATION_SCHEMA.PARTITIONS
	    ->     WHERE TABLE_NAME = 'r1';
    +----------------+------------+
    | PARTITION_NAME | TABLE_ROWS |
    +----------------+------------+
    | p0             |          0 |
    | p1             |          3 |
    +----------------+------------+
    2 rows in set (0.00 sec)

现在考虑一个类似的rc1表，使用a,b两列进行RANGE COLUMNS分区，如下所示:

    CREATE TABLE rc1 (
	    a INT, 
	    b INT
    ) 
    PARTITION BY RANGE COLUMNS(a, b) (
	    PARTITION p0 VALUES LESS THAN (5, 12),
	    PARTITION p3 VALUES LESS THAN (MAXVALUE, MAXVALUE)
    );

如果我们把与r1表相同的行插入rc1，行分布的是截然不同的:

    mysql> INSERT INTO rc1 VALUES (5,10), (5,11), (5,12);
    Query OK, 3 rows affected (0.00 sec)
    Records: 3  Duplicates: 0  Warnings: 0

    mysql> SELECT PARTITION_NAME,TABLE_ROWS
	    ->     FROM INFORMATION_SCHEMA.PARTITIONS
	    ->     WHERE TABLE_NAME = 'rc1';
    +--------------+----------------+------------+
    | TABLE_SCHEMA | PARTITION_NAME | TABLE_ROWS |
    +--------------+----------------+------------+
    | p            | p0             |          2 |
    | p            | p1             |          1 |
    +--------------+----------------+------------+
    2 rows in set (0.00 sec)

这是因为我们比较行而非标量值。我们可以把插入的行值与rc1表中用于定义p0分区的VALUES THAN LESS THAN子句中的限制条件进行比较，像这样:

    
     mysql> SELECT (5,10) < (5,12), (5,11) < (5,12), (5,12) < (5,12);
     +-----------------+-----------------+-----------------+
     | (5,10) < (5,12) | (5,11) < (5,12) | (5,12) < (5,12) |
     +-----------------+-----------------+-----------------+
     |               1 |               1 |               0 |
     +-----------------+-----------------+-----------------+
     1 row in set (0.00 sec)

(5，10)和(5，11)两个元组小于(5，12)，所以他们都存储在p0分区。由于5是不小于5和12不小于12，因此(5，12)被认为是不小于(5，12)，存储在p1分区。　　　　

在前面的例子[SELECT][13.02.09]语句也可以显式的写成行构造函数的形式，如下:

    SELECT ROW(5,10) < ROW(5,12), ROW(5,11) < ROW(5,12), ROW(5,12) < ROW(5,12);

关于MySQL行构造函数使用的更多信息, 见[Section 13.2.10.5, “Row Subqueries”][13.02.10]。　　　　

对于一个RANGE COLUMNS分区表仅使用单一分区列，那么数据的行存储与RANGE分区的行存储是一致的。下面的CREATE TABLE语句创建了一个使用单一分区列的RANGE COLUMNS分区表:

    CREATE TABLE rx (
	    a INT,
	    b INT
    )
    PARTITION BY RANGE COLUMNS (a)  (
	    PARTITION p0 VALUES LESS THAN (5),
	    PARTITION p1 VALUES LESS THAN (MAXVALUE)
    ); 

如果我们插入行(5,10),(5,11),和(5,12)到这个表中，我们可以看到它们存储的位置和前面我们创建的表r的位置是一致的:

    mysql> INSERT INTO rx VALUES (5,10), (5,11), (5,12);
    Query OK, 3 rows affected (0.00 sec)
    Records: 3  Duplicates: 0  Warnings: 0

    mysql> SELECT PARTITION_NAME,TABLE_ROWS
	    ->     FROM INFORMATION_SCHEMA.PARTITIONS
	    ->     WHERE TABLE_NAME = 'rx';
    +--------------+----------------+------------+
    | TABLE_SCHEMA | PARTITION_NAME | TABLE_ROWS |
    +--------------+----------------+------------+
    | p            | p0             |          0 |
    | p            | p1             |          3 |
    +--------------+----------------+------------+
    2 rows in set (0.00 sec)

也可以创建这样的RANGE COLUMNS分区表，在分区表中单个分区列或多个分区列的分区边界值可以在连续的分区定义中重叠。只要用于定义分区列值的元组是严格递增的。例如，下面的每一个[CREATE TABLE][13.01.17]是有效的:

    CREATE TABLE rc2 (
	    a INT,
	    b INT
    )
    PARTITION BY RANGE COLUMNS(a,b) (
	    PARTITION p0 VALUES LESS THAN (0,10),
	    PARTITION p1 VALUES LESS THAN (10,20),
	    PARTITION p2 VALUES LESS THAN (10,30),
	    PARTITION p3 VALUES LESS THAN (MAXVALUE,MAXVALUE)
    );
 
    CREATE TABLE rc3 (
	    a INT,
	    b INT
    )
    PARTITION BY RANGE COLUMNS(a,b) (
	    PARTITION p0 VALUES LESS THAN (0,10),
	    PARTITION p1 VALUES LESS THAN (10,20),
	    PARTITION p2 VALUES LESS THAN (10,30),
	    PARTITION p3 VALUES LESS THAN (10,35),
	    PARTITION p4 VALUES LESS THAN (20,40),
	    PARTITION p5 VALUES LESS THAN (MAXVALUE,MAXVALUE)
    );

下面的语句也是有效的，尽管这乍一看，它可能不会执行成功，因为p0分区b列限制值是25和p1分区的b列限制值为20，同时p1分区c列限制值是100和p2分区限制值50:

    CREATE TABLE rc4 (
	    a INT,
	    b INT,
	    c INT
    )
    PARTITION BY RANGE COLUMNS(a,b,c) (
	    PARTITION p0 VALUES LESS THAN (0,25,50),
	    PARTITION p1 VALUES LESS THAN (10,20,100),
	    PARTITION p2 VALUES LESS THAN (10,30,50)
	    PARTITION p3 VALUES LESS THAN (MAXVALUE,MAXVALUE,MAXVALUE) 
    );

设计RANGE COLUMNS分区表，你总是可以通过mysql客户端比较所需的元组来测试连续的分区定义，如下:

    mysql> SELECT (0,25,50) < (10,20,100), (10,20,100) < (10,30,50);
    +-------------------------+--------------------------+
    | (0,25,50) < (10,20,100) | (10,20,100) < (10,30,50) |
    +-------------------------+--------------------------+
    |                       1 |                        1 |
    +-------------------------+--------------------------+
    1 row in set (0.00 sec)

如果 [CREATE TABLE][13.01.17]语句包含不是严格顺序递增的分区定义，它将因错误而失败，如本例中所示:

     mysql> CREATE TABLE rcf (
		 ->     a INT,
		 ->     b INT,
		 ->     c INT
		 -> )
		 -> PARTITION BY RANGE COLUMNS(a,b,c) (
		 ->     PARTITION p0 VALUES LESS THAN (0,25,50),
		 ->     PARTITION p1 VALUES LESS THAN (20,20,100),
		 ->     PARTITION p2 VALUES LESS THAN (10,30,50),
		 ->     PARTITION p3 VALUES LESS THAN (MAXVALUE,MAXVALUE,MAXVALUE)
		 ->  );
    ERROR 1493 (HY000): VALUES LESS THAN value must be strictly increasing for each partition

当你得到这样一个错误，你就可以通过 “less than”的比较方法来比较它们的分区列，从而推断出哪个分区定义是无效的。在这个实例中，问题出现在p2分区的定义，因为用于p2分区定义的元组不小于用于定义p3分区的元组，如下所示:

    mysql> SELECT (0,25,50) < (20,20,100), (20,20,100) < (10,30,50);
    +-------------------------+--------------------------+
    | (0,25,50) < (20,20,100) | (20,20,100) < (10,30,50) |
    +-------------------------+--------------------------+
    |                       1 |                        0 |
    +-------------------------+--------------------------+
    1 row in set (0.00 sec)

当使用RANGE COLUMNS时，有可能在同一列的多个VALUES LESS THAN字句中出现MAXVALUE。然而，其他单个列值在连续的分区定义应该是递增的，但是只能有一个分区定义在所有的列中都使用了MAXVALUE作为边界限值，并且分区定义应该出现在PARTITION ... VALUES LESS THAN子句列表中的最后一个位置。此外，在第一个列值边界中，你使用MAXVALUE的次数不能超过一次。　　　　

如前所述，RANGE COLUMNS分区也可能使用非整型列作为分区列。(这个完整列表见[Section 19.2.3, “COLUMNS Partitioning”](./19.02.03_COLUMNS_Partitioning.md)。)考虑一个名为employees的表(没有分区)，使用如下语句创建:

    CREATE TABLE employees (
	    id INT NOT NULL,
	    fname VARCHAR(30),
	    lname VARCHAR(30),
	    hired DATE NOT NULL DEFAULT '1970-01-01',
	    separated DATE NOT NULL DEFAULT '9999-12-31',
	    job_code INT NOT NULL,
	    store_id INT NOT NULL
    );

使用 RANGE COLUMNS分区，您可以创建这个表的另外一个版本，基于员工的lastname列将每一行数据存储在四个分区中的其中一个，就像这样:

    CREATE TABLE employees_by_lname (
	    id INT NOT NULL,
	    fname VARCHAR(30),
	    lname VARCHAR(30),
	    hired DATE NOT NULL DEFAULT '1970-01-01',
	    separated DATE NOT NULL DEFAULT '9999-12-31',
	    job_code INT NOT NULL,
	    store_id INT NOT NULL
    )
    PARTITION BY RANGE COLUMNS (lname)  (
	    PARTITION p0 VALUES LESS THAN ('g'),
	    PARTITION p1 VALUES LESS THAN ('m'),
	    PARTITION p2 VALUES LESS THAN ('t'),
	    PARTITION p3 VALUES LESS THAN (MAXVALUE)
    );

或者，您可能使用先前创建employees表，通过执行下面 [ALTER TABLE][13.01.07]语句创建分区表:

    ALTER TABLE employees PARTITION BY RANGE COLUMNS (lname)  (
	    PARTITION p0 VALUES LESS THAN ('g'),
	    PARTITION p1 VALUES LESS THAN ('m'),
	    PARTITION p2 VALUES LESS THAN ('t'),
	    PARTITION p3 VALUES LESS THAN (MAXVALUE)
    );

>**注意**
>
因为不同的字符集和校对规则有不同的排序顺序，在RANGE COLUMNS分区方式的表中，当使用字符串作为分区列时，正在使用的字符集和校对规则可能会影响一个给定的数据行存储在哪个分区。此外,对创建后的数据库、表或列指定的字符集或校对规则进行修改可能引起行的分布变化。例如，当使用一个大小写敏感排序规则，'and'会排列在'Andersen'之前，但当使用不分大小写的校对规则，情况则相反。

>有关MySQL如何处理字符集和校对规则的信息，见[Section 10.1, “Character Set Support”][10.01.00]。

类似地，您可以对employees表基于员工被雇佣的日期，按照每10年一个区间进行分区，使用[ALTER table][13.01.07]语句所示:

    ALTER TABLE employees PARTITION BY RANGE COLUMNS (hired)  (
	    PARTITION p0 VALUES LESS THAN ('1970-01-01'),
	    PARTITION p1 VALUES LESS THAN ('1980-01-01'),
	    PARTITION p2 VALUES LESS THAN ('1990-01-01'),
	    PARTITION p3 VALUES LESS THAN ('2000-01-01'),
	    PARTITION p4 VALUES LESS THAN ('2010-01-01'),
	    PARTITION p5 VALUES LESS THAN (MAXVALUE)
    );

有关PARTITION BY RANGE COLUMNS分区语法更多信息见[Section 13.1.17, “CREATE TABLE Syntax”][13.01.17]。

##19.2.3.2.LIST COLUMNS分区

MySQL 5.6提供了LIST COLUMNS分区。这是 LIST分区一个变体，允许使用多个列作为分区键，同事允许使用整型以外其他类型的列作为分区列；您可以使用字符串类型, [DATE][11.03.01], 和 [DATETIME][11.03.01]列。(有关COLUMNS分区的列允许数据类型,见 [Section 19.2.3, “COLUMNS Partitioning”](./19.02.03_COLUMNS_Partitioning.md)。) 　　　　

假设您有一个业务，客户分布在12个城市，为销售和市场营销的目的，你整理成4地区，每个区3城市，见下表:


|Region	|Cities                        |
|:------|:-----------------------------|
|1	    |Oskarshamn, Högsby, Mönsterås |
|2	    |Vimmerby, Hultsfred, Västervik|
|3	    |Nässjö, Eksjö, Vetlanda       |
|4	    |Uppvidinge, Alvesta, Växjo    |

使用LIST COLUMNS分区，您可以根据客户的所在地，将数据分配到4个分区中的任何一个分区，如下所示:

    CREATE TABLE customers_1 (
	    first_name VARCHAR(25),
	    last_name VARCHAR(25),
	    street_1 VARCHAR(30),
	    street_2 VARCHAR(30),
	    city VARCHAR(15),
	    renewal DATE
    )
    PARTITION BY LIST COLUMNS(city) (
	    PARTITION pRegion_1 VALUES IN('Oskarshamn', 'Högsby', 'Mönsterås'),
	    PARTITION pRegion_2 VALUES IN('Vimmerby', 'Hultsfred', 'Västervik'),
	    PARTITION pRegion_3 VALUES IN('Nässjö', 'Eksjö', 'Vetlanda'),
	    PARTITION pRegion_4 VALUES IN('Uppvidinge', 'Alvesta', 'Växjo')
    );

与RANGE COLUMNS分区一样，您不需要在COLUMNS()子句中使用表达式来将列的值转化整数。(事实上，除了列名，COLUMNS()是不允许使用表达式的)。　　　　

也可以使用[DATE][11.03.01] 和[DATETIME][11.03.01]列，如下例所示，使用先前所显示customers_1表相同的名称和列，但是LIST COLUMNS分区基于renewal列来将数据分配到4个分区中的其中一个，具体根据2010年2月客户的账户计划更新的星期:

    CREATE TABLE customers_2 (
	    first_name VARCHAR(25),
	    last_name VARCHAR(25),
	    street_1 VARCHAR(30),
	    street_2 VARCHAR(30),
	    city VARCHAR(15),
	    renewal DATE
    )
    PARTITION BY LIST COLUMNS(renewal) (
	    PARTITION pWeek_1 VALUES IN('2010-02-01', '2010-02-02', '2010-02-03',
	        '2010-02-04', '2010-02-05', '2010-02-06', '2010-02-07'),
	    PARTITION pWeek_2 VALUES IN('2010-02-08', '2010-02-09', '2010-02-10',
	        '2010-02-11', '2010-02-12', '2010-02-13', '2010-02-14'),
	    PARTITION pWeek_3 VALUES IN('2010-02-15', '2010-02-16', '2010-02-17',
	        '2010-02-18', '2010-02-19', '2010-02-20', '2010-02-21'),
	    PARTITION pWeek_4 VALUES IN('2010-02-22', '2010-02-23', '2010-02-24',
	        '2010-02-25', '2010-02-26', '2010-02-27', '2010-02-28')
    );

这种方法是可行的,但如果涉及日期数量增长非常大，那么定义和维护将变得笨重；在那种情况下，它通常更实际使用 RANGE 或 RANGE COLUMNS 分区代替。在这个例子中，因为我们希望使用分区键是一个[DATE][11.03.01]列，我们可以使用RANGE COLUMNS分区，如下所示:

    CREATE TABLE customers_3 (
	    first_name VARCHAR(25),
	    last_name VARCHAR(25),
	    street_1 VARCHAR(30),
	    street_2 VARCHAR(30),
	    city VARCHAR(15),
	    renewal DATE
    )
    PARTITION BY RANGE COLUMNS(renewal) (
	    PARTITION pWeek_1 VALUES LESS THAN('2010-02-09'),
	    PARTITION pWeek_2 VALUES LESS THAN('2010-02-15'),
	    PARTITION pWeek_3 VALUES LESS THAN('2010-02-22'),
	    PARTITION pWeek_4 VALUES LESS THAN('2010-03-01')
    );

更多信息见[Section 19.2.3.1, “RANGE COLUMNS partitioning”](./19.02.03_COLUMNS_partitioning.md#19.2.3.1)。　　　　

此外( 和RANGE COLUMNS分区一样), 在COLUMNS()子句中你可以使用多个列。　　　　

有关 PARTITION BY LIST COLUMNS() 语法的额外信息见[Section 13.1.17, “CREATE TABLE Syntax”][13.01.17]。




[11.02.01]:../Chapter_11/11.02.01_Integer_Types_(Exact_Value)_NTEGER,_INT,_SMALLINT,_TINYINT,_MEDIUMINT,_BIGINT.md
[11.02.02]:../Chapter_11/11.02.02_Fixed_Point_Types_(Exact_Value)_-_DECIMAL,_NUMERIC.md
[11.02.03]:../Chapter_11/11.02.03_Floating-Point_Types_(Approximate_Value)_-_FLOAT,_DOUBLE.md
[11.03.01]:../Chapter_11/11.03.01_The_DATE,_DATETIME,_and_TIMESTAMP_Types.md
[11.04.01]:../Chapter_11/11.04.01_The_CHAR_and_VARCHAR_Types.md
[11.04.02]:../Chapter_11/11.04.02_The_BINARY_and_VARBINARY_Types.md
[11.04.03]:../Chapter_11/11.04.03_The_BLOB_and_TEXT_Types.md
[20.14.00]:../Chapter_20/20.14.00_The_INFORMATION\_SCHEMA_PARTITIONS_Table.md
[13.02.10]:../Chapter_13/13.02.10_Subquery_Syntax.md#13.2.10.5
[13.02.09]:../Chapter_13/13.02.09_SELECT_Syntax.md
[13.01.17]:../Chapter_13/13.01.17_CREATE_TABLE_Syntax.md
[13.01.07]:../Chapter_13/13.01.07_ALTER_TABLE_Syntax.md#13.1.7.1
[10.01.00]:../Chapter_10/10.01.00_Character_Set_Support.md