# Management_of_RANGE_and_LIST_Partitions

#19.3.1.RANGE和LIST的分区管理

关于如何添加和删除分区的处理，RANGE和LIST分区非常相似。基于这个原因，我们在本节讨论这两种分区的管理。关于HASH和KEY分区管理的信息，请参见 [Section 19.3.2, “Management of HASH and KEY Partitions”](./19.03.02_Management_of_HASH_and_KEY_Partitions.md)。删除一个RANGE或LIST分区比增加一个分区要更加简单易懂，所以我们先讨论前者。

从一个按照RANGE或LIST分区的表中删除一个分区，可以使用带一个DROP PARTITION子句的[ALTER TABLE][13.01.07]命令来实现。这里有一个非常基本的例子，假设已经使用下面的[CREATE TABLE][13.01.17]和[INSERT][13.02.05]语句创建了一个按照RANGE分区的表，并且已经插入了10条记录：

    mysql> CREATE TABLE tr (id INT, name VARCHAR(50), purchased DATE)
	    ->     PARTITION BY RANGE( YEAR(purchased) ) (
	    ->         PARTITION p0 VALUES LESS THAN (1990),
	    ->         PARTITION p1 VALUES LESS THAN (1995),
	    ->         PARTITION p2 VALUES LESS THAN (2000),
	    ->         PARTITION p3 VALUES LESS THAN (2005)
	    ->     );
    Query OK, 0 rows affected (0.01 sec)

    mysql> INSERT INTO tr VALUES
	    ->     (1, 'desk organiser', '2003-10-15'),
	    ->     (2, 'CD player', '1993-11-05'),
	    ->     (3, 'TV set', '1996-03-10'),
	    ->     (4, 'bookcase', '1982-01-10'),
	    ->     (5, 'exercise bike', '2004-05-09'),
	    ->     (6, 'sofa', '1987-06-05'),
	    ->     (7, 'popcorn maker', '2001-11-22'),
	    ->     (8, 'aquarium', '1992-08-04'),
	    ->     (9, 'study desk', '1984-09-16'),
	    ->     (10, 'lava lamp', '1998-12-25');
    Query OK, 10 rows affected (0.01 sec)

可以通过使用下面的命令查看那些记录已经插入到了分区p2中： 

    mysql> SELECT * FROM tr
    	-> WHERE purchased BETWEEN '1995-01-01' AND '1999-12-31';
    +------+-----------+------------+
    | id   | name      | purchased  |
    +------+-----------+------------+
    |    3 | TV set    | 1996-03-10 |
    |   10 | lava lamp | 1998-12-25 |
    +------+-----------+------------+
    2 rows in set (0.00 sec)

要删除名字为p2的分区，执行下面的命令： 

    mysql> ALTER TABLE tr DROP PARTITION p2;
    Query OK, 0 rows affected (0.03 sec)

>**注意**
>
> [NDB][18.00.00]存储引擎不支持ALTER TABLE ... DROP PARTITION。然而，它支持在这章介绍的 [ALTER TABLE][13.01.07]中其他与分区相关的扩展。

记住下面一点非常重要：*当删除了一个分区，也同时删除了该分区中所有的数据*。可以通过重新运行前面的SELECT查询来验证这一点： 

    mysql> SELECT * FROM tr WHERE purchased
    	-> BETWEEN '1995-01-01' AND '1999-12-31';
    Empty set (0.00 sec)

由于这个原因，在您执行 ALTER TABLE ... DROP PARTITION 之前，必须对该表有[DROP][06.02.01]权限。

如果希望删除所有分区的数据，但是又保留表的定义和表的分区模式，使用TRUNCATE TABLE命令。(见 [Section 13.1.33, “TRUNCATE TABLE Syntax”][13.01.33])

如果希望改变表的分区而又不丢失数据，使用ALTER TABLE ... REORGANIZE PARTITION语句。关于REORGANIZE PARTITION更多信息见[Section 13.1.7, “ALTER TABLE Syntax”][13.01.07]。

如果现在执行一个[SHOW CREATE TABLE][13.07.05]命令，可以观察到表的分区结构是如何被改变的

    mysql> SHOW CREATE TABLE tr\G
    *************************** 1. row ***************************
       Table: tr
    Create Table: CREATE TABLE `tr` (
      `id` int(11) default NULL,
      `name` varchar(50) default NULL,
      `purchased` date default NULL
    ) ENGINE=MyISAM DEFAULT CHARSET=latin1
    PARTITION BY RANGE ( YEAR(purchased) ) (
	  PARTITION p0 VALUES LESS THAN (1990) ENGINE = MyISAM,
	  PARTITION p1 VALUES LESS THAN (1995) ENGINE = MyISAM,
	  PARTITION p3 VALUES LESS THAN (2005) ENGINE = MyISAM
    )
    1 row in set (0.01 sec)

如果插入purchased列值在'1995-01-01'和 '2004-12-31'之间（含）的新行到已经修改后的表中，这些行将被保存在分区p3中。可以通过下面的方式来验证这一点：

    mysql> INSERT INTO tr VALUES (11, 'pencil holder', '1995-07-12');
    Query OK, 1 row affected (0.00 sec)

    mysql> SELECT * FROM tr WHERE purchased
    	-> BETWEEN '1995-01-01' AND '2004-12-31';
    +------+----------------+------------+
    | id   | name           | purchased  |
    +------+----------------+------------+
    |   11 | pencil holder  | 1995-07-12 |
    |    1 | desk organiser | 2003-10-15 |
    |    5 | exercise bike  | 2004-05-09 |
    |    7 | popcorn maker  | 2001-11-22 |
    +------+----------------+------------+
    4 rows in set (0.00 sec)

    mysql> ALTER TABLE tr DROP PARTITION p3;
    Query OK, 0 rows affected (0.03 sec)

    mysql> SELECT * FROM tr WHERE purchased
    	-> BETWEEN '1995-01-01' AND '2004-12-31';
    Empty set (0.00 sec)

由ALTER TABLE ... DROP PARTITION语句引起的、从表中删除的行数并没有被服务器报告出来，它不想[Delete][13.02.02]操作那样会报告删除的行数。

删除LIST分区使用和删除RANGE分区完全相同的ALTER TABLE ... DROP PARTITION语法。但是，在对其后使用这个表的影响方面，还是有重大的区别：在这个表中，再也不能插入这么一些行，这些行的列值包含在定义已经删除了的分区的值列表中 (有关示例，[Section 19.2.2, “LIST Partitioning”](./19.02.02_LIST_Partitioning.md)）。 

要增加一个新的RANGE或LIST分区到一个前面已经分区了的表，使用ALTER TABLE ... ADD PARTITION语句。对于使用RANGE分区的表，可以用这个语句添加新的区间到已有分区序列的后面。假设有一个分区表包含你所在组织的全体成员数据，该表的定义如下：

    CREATE TABLE members (
	    id INT,
	    fname VARCHAR(25),
	    lname VARCHAR(25),
	    dob DATE
    )
    PARTITION BY RANGE( YEAR(dob) ) (
	    PARTITION p0 VALUES LESS THAN (1970),
	    PARTITION p1 VALUES LESS THAN (1980),
	    PARTITION p2 VALUES LESS THAN (1990)
    );

进一步假设成员的最小年纪是16岁。随着日历接近2005年年底，你会认识到不久将要接纳1990年（以及后续年份）出生的成员。可以按照下面的方式，修改members表来容纳出生在1990－1999年之间的成员：

    ALTER TABLE members ADD PARTITION (PARTITION p3 VALUES LESS THAN (2000));

对于通过RANGE分区的表，只可以使用ADD PARTITION添加新的分区到分区列表的边缘。通过下面这种方式在现有分区的前面或之间增加一个新的分区，将会导致下面的一个错误：

    mysql> ALTER TABLE members
	     >     ADD PARTITION (
	     >     PARTITION n VALUES LESS THAN (1960));
    ERROR 1463 (HY000): VALUES LESS THAN value must be strictly »
    increasing for each partition

你可以通过重组第一个分区成两个新的分区来解决这个问题，就像这样:

    ALTER TABLE members
    REORGANIZE PARTITION p0 INTO (
        PARTITION n0 VALUES LESS THAN (1960),
        PARTITION n1 VALUES LESS THAN (1970)
    );

使用 [SHOW CREATE TABLE][13.07.05]，你可以看到前面ALTER TABLE语句已经达到的预期效果:

    mysql> SHOW CREATE TABLE members\G
    *************************** 1. row ***************************
       Table: members
    Create Table: CREATE TABLE `members` (
      `id` int(11) DEFAULT NULL,
      `fname` varchar(25) DEFAULT NULL,
      `lname` varchar(25) DEFAULT NULL,
      `dob` date DEFAULT NULL
    ) ENGINE=InnoDB DEFAULT CHARSET=latin1
    /*!50100 PARTITION BY RANGE ( YEAR(dob))
    (PARTITION n0 VALUES LESS THAN (1960) ENGINE = InnoDB,
    PARTITION n1 VALUES LESS THAN (1970) ENGINE = InnoDB,
    PARTITION p1 VALUES LESS THAN (1980) ENGINE = InnoDB,
    PARTITION p2 VALUES LESS THAN (1990) ENGINE = InnoDB,
    PARTITION p3 VALUES LESS THAN (2000) ENGINE = InnoDB) */
    1 row in set (0.00 sec)
另见[Section 13.1.7.1, “ALTER TABLE Partition Operations”][13.01.07]

你也可以采用ALTER TABLE ... ADD PARTITION的方式增加新的分区到已经通过LIST分区的表。例如，假定有使用如下[CREATE TABLE][13.01.17]语句创建的tt表：

    CREATE TABLE tt (
	    id INT,
	    data INT
    )
    PARTITION BY LIST(data) (
	    PARTITION p0 VALUES IN (5, 10, 15),
	    PARTITION p1 VALUES IN (6, 12, 18)
    );

可以通过下面的方法添加一个新的分区，用来保存data列值为7，14和21的行：

    ALTER TABLE tt ADD PARTITION (PARTITION p2 VALUES IN (7, 14, 21));

不能添加这样一个新的LIST分区，该分区包含有已经包含在现有分区值列表中的任意值。如果试图这样做，将会导致错误：

    mysql> ALTER TABLE tt ADD PARTITION 
     	 >     (PARTITION np VALUES IN (4, 8, 12));
    ERROR 1465 (HY000): Multiple definition of same constant »
                    in list partitioning

因为带有data列值12的任何行都已经分配给了分区p1，所以不能在表tt上再创建一个值列表包括12的新分区。为了实现这一点，可以先删除分区p1，添加分区np，然后使用修改后的定义添加一个新的分区p1。但是，正如我们前面讨论过的，这将导致保存在分区p1中的所有数据丢失——而这往往并不是你所真正想要做的。另外一种解决方法可能是，建立一个带有新分区的表的副本，然后使用[CREATE TABLE ... SELECT ...][13.01.17]把数据拷贝到新表中，然后删除旧表，重新命名新表，但是，当需要处理大量的数据时，这可能是非常耗时的。在需要高可用性的场合，这可能也是不可行的。

您可以在单个ALTER TABLE ... ADD PARTITION添加分区语句添加多个分区，如下所示:

    CREATE TABLE employees (
      id INT NOT NULL,
      fname VARCHAR(50) NOT NULL,
      lname VARCHAR(50) NOT NULL,
      hired DATE NOT NULL
    )
    PARTITION BY RANGE( YEAR(hired) ) (
      PARTITION p1 VALUES LESS THAN (1991),
      PARTITION p2 VALUES LESS THAN (1996),
      PARTITION p3 VALUES LESS THAN (2001),
      PARTITION p4 VALUES LESS THAN (2005)
    );

    ALTER TABLE employees ADD PARTITION (
	    PARTITION p5 VALUES LESS THAN (2010),
	    PARTITION p6 VALUES LESS THAN MAXVALUE
    );

幸运地是，MySQL的分区实现提供了在不丢失数据的条件下重新定义分区的方式。让我们首先看两个涉及到RANGE分区的简单例子。回想一下现在定义如下的members表：

    mysql> SHOW CREATE TABLE members\G
    *************************** 1. row ***************************
       Table: members
    Create Table: CREATE TABLE `members` (
      `id` int(11) default NULL,
      `fname` varchar(25) default NULL,
      `lname` varchar(25) default NULL,
      `dob` date default NULL
    ) ENGINE=MyISAM DEFAULT CHARSET=latin1
    PARTITION BY RANGE ( YEAR(dob) ) (
      PARTITION p0 VALUES LESS THAN (1970) ENGINE = MyISAM,
      PARTITION p1 VALUES LESS THAN (1980) ENGINE = MyISAM,
      PARTITION p2 VALUES LESS THAN (1990) ENGINE = MyISAM.
      PARTITION p3 VALUES LESS THAN (2000) ENGINE = MyISAM
    )

假定想要把表示出生在1960年前成员的所有行移入到一个读了的分区中。正如我们前面看到的，不能通过使用ALTER TABLE ... ADD PARTITION来实现这一点。但是，要实现这一点，可以使用[ALTER TABLE][13.01.07]上的另外一个与分区有关的扩展，具体实现如下：

    ALTER TABLE members REORGANIZE PARTITION p0 INTO (
	    PARTITION s0 VALUES LESS THAN (1960),
	    PARTITION s1 VALUES LESS THAN (1970)
    ); 

实际上，这个命令把分区p0分成了两个新的分区s0和s1。同时，它还根据包含在两个PARTITION ... VALUES ...子句中的规则，把保存在分区p0中的数据移入到两个新的分区中，所以分区s0中只包含[YEAR(dob)][12.07.00]小于1960的那些行，s1中包含那些[YEAR(dob)][12.07.00]大于或等于1960但是小于1970的行。

一个REORGANIZE PARTITION子句也可以用来合并相邻的分区。可以使用如下的语句恢复members表到它以前的分区：

    ALTER TABLE members REORGANIZE PARTITION s0,s1 INTO (
    	PARTITION p0 VALUES LESS THAN (1970)
    );

使用REORGANIZE PARTITION拆分或合并分区不会导致数据丢失。在执行上面的语句中，MySQL把保存在分区s0和s1中的所有数据都移到分区p0中。

REORGANIZE PARTITION的基本语法如下：

    ALTER TABLE tbl_name
	    REORGANIZE PARTITION partition_list
	    INTO (partition_definitions);

其中，tbl\_name是分区表的名称，partition\_list是通过逗号分开的，包含一个或多个将要被改变的现有分区的列表。partition\_definitions 是一个是通过逗号分开的，包含新分区定义的列表，它遵循与用在[CREATE TABLE][13.01.17]中的partition\_definitions 相同的规则 (请参见 [Section 13.1.17, “CREATE TABLE Syntax”][13.01.17])。应当注意，在使用REORGANIZE PARTITION时，在把多个分区合并到一个分区或把一个分区拆分成多个分区方面，没有限制。例如，可以重新组织members表的四个分区成两个分区，具体实现如下：

    ALTER TABLE members REORGANIZE PARTITION p0,p1,p2,p3 INTO (
	    PARTITION m0 VALUES LESS THAN (1980),
	    PARTITION m1 VALUES LESS THAN (2000)
    );

同样，对于按LIST分区的表，也可以使用REORGANIZE PARTITION。让我们回到原来那个问题，即增加一个新的分区到已经按照LIST分区的表tt中，但是因为该新分区有一个值已经存在于现有分区的值列表中，所以添加新的分区失败。我们可以通过先添加只包含非冲突值的分区，然后重新组织该新分区和现有的那个分区，以便保存在现有的那个分区中的值现在移到了新的分区中，来处理这个问题：

    ALTER TABLE tt ADD PARTITION (PARTITION np VALUES IN (4, 8));
    ALTER TABLE tt REORGANIZE PARTITION p1,np INTO (
	    PARTITION p1 VALUES IN (6, 18),
	    PARTITION np VALUES in (4, 8, 12)
    );

当使用ALTER TABLE ... REORGANIZE PARTITION来对已经按照RANGE和LIST分区表进行重新分区时，请记住下面一些关键点：

- 用于确定新分区模式使用的PARTITION子句与用在[CREATE TABLE][13.01.17]中确定分区模式的PARTITION子句规则是一样的。
    
	最重要的是，应该记住：新分区模式不能有任何重叠的区间（适用于RANGE分区的表）或重叠的值集合（适用于重新组织LIST分区的表）。

- partition_definitions 列表中分区的合集应该与在partition_list 中命名分区的合集占有相同的区间或值集合。 
    
	例如，在本节中用作例子的members表中，分区p1和p2总共覆盖了1980到1999的这些年。因此，对这两个分区的重新组织都应该覆盖相同范围的年份。

- 对于按照RANGE分区的表，只能重新组织相邻的分区；不能重新组织跨越的RANGE分区。
    
	例如，不能使用以“ALTER TABLE members REORGANIZE PARTITION p0,p2 INTO ...”开头的语句，来重新组织本节中用作例子的members表。因为，p0覆盖了1970年以前的年份，而p2覆盖了从1990到1999（包括1990和1999）之间的年份，因而这两个分区不是相邻的分区。

- 不能使用REORGANIZE PARTITION来改变表的分区类型；也就是说，例如，不能把RANGE分区变为HASH分区，反之亦然。也不能使用该命令来改变分区表达式或列。如果想在不删除和重建表的条件下实现这些任务，可以使用[ALTER TABLE ... PARTITION BY ....][13.01.07]语句，例如：

	 	ALTER TABLE members
	        PARTITION BY HASH( YEAR(dob) )
	        PARTITIONS 8;

[13.01.07]:../Chapter_13/13.01.07_ALTER_TABLE_Syntax.md#13.01.07.01
[13.01.17]:../Chapter_13/13.01.17_CREATE_TABLE_Syntax.md
[13.02.02]:../Chapter_13/13.02.02_DELETE_Syntax.md
[13.02.05]:../Chapter_13/13.02.05_INSERT_Syntax.md
[18.00.00]:../Chapter_18/18.00.00_MySQL_Cluster_NDB_7.3_and_NDB_Cluster_7.4.md
[06.02.01]:../Chapter_06/06.02.01_Privileges_Provided_by_MySQL.md
[13.01.33]:../Chapter_13/13.01.33_TRUNCATE_TABLE_Syntax.md
[13.07.05]:../Chapter_13/13.07.05_SHOW_Syntax.md#13.07.05.12
[12.07.00]:../Chapter_12/12.07.00_Date_and_Time_Functions.md
